scenario_id,family,source_family,source_direction,direction,signal_ts_ns,signal_day_utc,signal_hour_utc,submission_ts_ns,reference_entry_price,expected_entry_price,stop_price,target_price,target_reason,liquidity_level,atr_at_signal,quantity,equity_before_entry,planned_loss_budget,loss_per_unit,net_rr_at_submission,fee_rate_per_fill,sac_entry_confirmation,failed_acceptance_trap,favorable_drift_guard_enabled,actual_entry_price,opened_ts_ns,opened_bar_index,path_observations,mfe_price,mae_price,mfe_price_distance,mae_price_distance,mfe_stop_units,mae_stop_units,mfe_atr,mae_atr,mfe_close_net_r_after_cost,mfe_intrabar_net_r_after_cost,first_close_half_r_ts_ns,first_close_one_r_ts_ns,actual_exit_price,closed_ts_ns,closed_day_utc,closed_hour_utc,duration_minutes,realized_pnl_after_cost,realized_return,realized_r_multiple,outcome,forced_exit_reason
HSP-1708966980000000000-000016,POIL,POIL,SHORT,SHORT,1708967040000000000,2024-02-26,17,1708967100000000000,53309.1,53360.6,53462.700000000004,53150.5,CONFIRMED_LTF_SELLSIDE_LIQUIDITY,53378.5,56.57000000000007,16.937,100000.0,3000.0,177.12102878124648,0.7641228764945416,0.0007,,False,True,53360.5,1708967100000000000,1024,5,53302.5,53469.4,58.0,108.90000000000146,0.567514677103694,1.0655577299412604,1.025278416121618,1.9250486123387187,-0.42346620565666016,-0.09521229701543807,,,53462.8,1708967340000000000,2024-02-26,17,4.0,-2999.14146247,-0.0019171484525070588,-0.9997138208233334,STOP,
HSP-1708972500000000000-000019,POIL,POIL,SHORT,SHORT,1708972620000000000,2024-02-26,18,1708972680000000000,53342.0,53424.5,53568.6,53143.5,HIGHER_TIMEFRAME_ACCEPTED_EXTREME,53478.0,51.67999999999993,13.273,97000.85853753,2910.0257561259,219.23988878124652,0.940533226623486,0.0007,,False,True,53424.4,1708972680000000000,1117,12,53342.0,53571.2,82.40000000000146,146.79999999999563,0.571428571428593,1.0180305131761345,1.5944272445820737,2.840557275541715,-0.21197880667769867,0.03404271020885444,,,53568.700000000004,1708973340000000000,2024-02-26,18,11.0,-2909.37749141,-0.002701013020267947,-0.9997772305916759,STOP,
HSP-1709006760000000000-000022,POIL,POIL,SHORT,SHORT,1709006820000000000,2024-02-27,4,1709006880000000000,55807.0,55841.8,55937.100000000006,55587.9,CONFIRMED_LTF_SELLSIDE_LIQUIDITY,55888.5,133.07499999999965,16.249,94091.48104612,2822.7444313836,173.7102054999994,1.0114501303724615,0.0007,,False,True,55841.7,1709006880000000000,1687,3,55801.0,55972.8,40.69999999999709,131.10000000000582,0.4266247379454231,1.3742138364779226,0.3058425699793139,0.9851587450686167,-0.4517780044880903,-0.2167396549421677,,,55937.2,1709007000000000000,2024-02-27,4,2.0,-2823.18624227,-0.0017101914877233322,-1.000156518203167,STOP,
HSP-1709015160000000000-000026,POIL,POIL,SHORT,SHORT,1709015280000000000,2024-02-27,6,1709015340000000000,56267.1,56336.6,56380.0,55700.6,PRIOR_SLOW_SELLSIDE_LIQUIDITY,56321.2,38.32499999999963,22.357,91268.29480385,2738.0488441155,122.46659549999796,4.551232584888908,0.0007,,False,True,56336.5,1709015340000000000,1828,9,56262.0,56388.7,74.5,52.19999999999709,1.7126436781609196,1.1999999999999331,1.9439008480104556,1.3620352250488608,-0.36456488251116026,-0.03689944985855411,,,56380.1,1709015820000000000,2024-02-27,6,8.0,-2738.76871834,-0.0007739209926068987,-1.0002629150411422,STOP,
HSP-1709019180000000000-000029,POIL,POIL,SHORT,SHORT,1709019300000000000,2024-02-27,7,1709019360000000000,55884.8,55886.0,55986.899999999994,55587.9,HIGHER_TIMEFRAME_ACCEPTED_EXTREME,55935.7,58.76500000000124,14.806,88529.52608551,2655.8857825653,179.37600549999797,1.2257395819866277,0.0007,,False,True,55885.9,1709019360000000000,1895,4,55853.3,55990.6,32.599999999998545,104.69999999999709,0.3227722772277316,1.0366336633663824,0.5547519782182908,1.7816727644004915,-0.3179091865773496,-0.2554268051197181,,,55987.0,1709019540000000000,2024-02-27,7,3.0,-2656.35971018,-0.0018090430681083876,-1.000178444275658,STOP,
HSP-1709119260000000000-000060,POIL,POIL,SHORT,SHORT,1709119440000000000,2024-02-28,11,1709119500000000000,59361.3,59371.7,59558.8,59011.8,PRIOR_SLOW_SELLSIDE_LIQUIDITY,59424.3,55.6450000000008,9.523,85873.16637533,2576.1949912599,270.50694393750814,1.0233805682413355,0.0007,,False,True,59371.6,1709119500000000000,3564,13,59337.2,59589.0,34.400000000001455,217.40000000000146,0.18376068376068724,1.161324786324767,0.6182046904483954,3.906909875101057,-0.28359944807081966,-0.1807575039969932,,,59558.899999999994,1709120220000000000,2024-02-28,11,12.0,-2576.46050605,-0.003154706964272407,-1.0001030647101639,STOP,
HSP-1709123460000000000-000064,POIL,POIL,SHORT,SHORT,1709123520000000000,2024-02-28,12,1709123580000000000,59300.0,59330.0,59380.8,59114.8,PRIOR_FAST_SELLSIDE_LIQUIDITY,59347.1,75.48499999999949,18.641,83296.70586928,2498.9011760784,134.05315393750524,0.9853452613399608,0.0007,,False,True,59329.9,1709123580000000000,3632,2,59285.2,59410.1,44.700000000004366,80.19999999999709,0.8781925343812002,1.5756385068761256,0.5921706299265374,1.0624627409418776,-0.6218572823647354,-0.2874275529388764,,,59380.899999999994,1709123640000000000,2024-02-28,12,1.0,-2499.71261596,-0.0008596003027140232,-1.0003247186760997,STOP,
HSP-1709124180000000000-000066,POIL,POIL,SHORT,SHORT,1709124240000000000,2024-02-28,12,1709124300000000000,59410.9,59436.3,59488.600000000006,59267.100000000006,CONFIRMED_LTF_SELLSIDE_LIQUIDITY,59456.7,68.3800000000003,17.861,80796.99325332,2423.9097975996,135.70302393749796,0.6330560477382704,0.0007,,False,True,59436.19999999999,1709124300000000000,3644,7,59321.0,59497.9,115.19999999998981,61.70000000001164,2.1984732824418822,1.1774809160303967,1.6847031295698935,0.9023106171396809,-0.09108846392178031,0.23485077248292174,,,59488.700000000004,1709124660000000000,2024-02-28,12,6.0,-2424.58484723,-0.0008833000763846707,-1.000278496184581,STOP,
HSP-1709124840000000000-000068,POIL,POIL,SHORT,SHORT,1709125020000000000,2024-02-28,12,1709125080000000000,59358.9,59371.8,59468.3,58555.2,HIGHER_TIMEFRAME_ACCEPTED_EXTREME,59435.5,58.820000000000434,13.073,78372.40840609,2351.1722521827,179.84366393750233,4.080494602551176,0.0007,,False,True,59371.7,1709125080000000000,3657,9,59339.3,59500.0,32.39999999999418,128.3000000000029,0.33540372670799407,1.3281573498964305,0.550833049982896,2.1812308738524644,-0.4638498136303282,-0.2830108044156248,,,59468.4,1709125560000000000,2024-02-28,13,8.0,-2351.67673911,-0.001628722101607405,-1.0002145682549766,STOP,
HSP-1709177760000000000-000070,POIL,POIL,SHORT,SHORT,1709177820000000000,2024-02-29,3,1709177880000000000,61284.0,61368.0,61429.100000000006,61171.9,PRIOR_SLOW_SELLSIDE_LIQUIDITY,61387.7,71.24500000000043,15.485,76020.73166698,2280.6219500094003,147.27235506249735,0.7477443404314849,0.0007,,False,True,61367.9,1709177880000000000,4537,4,61283.9,61440.0,84.0,72.09999999999854,1.3725490196077452,1.1781045751632908,1.179030107375949,1.0120008421643358,-0.5854128560883799,-0.013962294546912,,,61429.2,1709178060000000000,2024-02-29,3,3.0,-2280.28966545,-0.0009988935583586148,-0.9998543009026994,STOP,
HSP-1709222340000000000-000082,POIL,POIL,SHORT,SHORT,1709222400000000000,2024-02-29,16,1709222460000000000,62809.1,62912.0,62912.899999999994,62612.899999999994,PRIOR_SLOW_SELLSIDE_LIQUIDITY,62848.8,83.74000000000088,24.815,73740.44200153,2212.2132600459,89.1480344375032,2.367215063478959,0.0007,,False,True,62911.9,1709222460000000000,5280,2,62763.8,62919.0,148.09999999999854,7.099999999998545,148.10000000107613,7.100000000050204,1.768569381418641,0.08478624313349022,0.5060868731955241,0.6722190834393559,1.70922252e+18,,62912.99999999999,1709222520000000000,2024-02-29,16,1.0,-2212.93792545,-1.7484768382313503e-05,-1.0003275748397265,STOP,
HSP-1709240640000000000-000088,POIL,POIL,SHORT,SHORT,1709240760000000000,2024-02-29,21,1709240820000000000,61607.9,61693.9,61915.100000000006,61361.799999999996,HIGHER_TIMEFRAME_EXTENSION,61730.8,116.87999999999992,6.968,71527.50407608,2145.8251222824,307.9350561249979,0.7980123977838187,0.0007,,False,True,61693.799999999996,1709240820000000000,5586,3,61306.0,61719.3,387.79999999999563,25.500000000007276,1.7523723452326154,0.1152281970176507,3.31793292265568,0.21817248459965172,0.9560300594047836,0.9791030089072086,1.70924094e+18,,61361.9,1709240940000000000,2024-02-29,21,2.0,1712.46271768,0.005379795052339039,0.7980439318645615,OTHER_EXIT,
HSP-1709241480000000000-000091,POIL,POIL,LONG,LONG,1709241660000000000,2024-02-29,21,1709241720000000000,61403.5,61317.8,61225.799999999996,61540.0,CONFIRMED_LTF_BUYSIDE_LIQUIDITY,61301.1,191.1350000000006,12.343,73239.96679376,2197.1990038128,178.00581478125173,0.7640174011569486,0.0007,,False,True,61317.9,1709241720000000000,5601,2,61439.1,61071.9,121.19999999999709,246.0,1.3159609120520024,2.671009771986802,0.6341067831637153,1.2870484212729183,-0.48394480880223284,0.197016597705497,,,61225.7,1709241780000000000,2024-02-29,21,1.0,-2196.81355836,-0.0015036392309587308,-0.9998245741727849,STOP,
HSP-1709259900000000000-000096,POIL,POIL,SHORT,SHORT,1709259960000000000,2024-03-01,2,1709260020000000000,60960.9,60977.6,61119.100000000006,60716.4,HIGHER_TIMEFRAME_EXTENSION,61046.9,64.92999999999992,9.382,71043.1532354,2131.294597062,227.1561194062538,0.773841922394475,0.0007,,False,True,60977.5,1709260020000000000,5906,18,60855.0,61133.6,122.5,156.09999999999854,0.8651129943502469,1.1024011299434473,1.8866471584783635,2.4041275219466924,0.053266537708186554,0.16295951038764261,,,61119.2,1709261040000000000,2024-03-01,2,17.0,-2131.28726758,-0.0023238079619531315,-0.999996561018824,STOP,
HSP-1709261820000000000-000099,POIL,POIL,SHORT,SHORT,1709261880000000000,2024-03-01,2,1709261940000000000,61029.1,61065.9,61153.799999999996,60855.00000000001,HIGHER_TIMEFRAME_ACCEPTED_EXTREME,61111.9,65.93499999999912,11.905,68911.86596782,2067.3559790346003,173.64221940624793,0.7219175752800299,0.0007,,False,True,61065.776799663996,1709261940000000000,5938,8,61029.8,61157.9,35.999999999992724,92.10000000000582,0.4090909090908264,1.0465909090909753,0.5459922651094745,1.3968302115721096,-0.44566528960882357,-0.28603020722632033,,,61153.9,1709262360000000000,2024-03-01,3,7.0,-2067.62437661,-0.0014430865364262494,-1.000129826492448,STOP,
HSP-1709326980000000000-000133,POIL,POIL,SHORT,SHORT,1709327100000000000,2024-03-01,21,1709327160000000000,62445.5,62606.8,62816.8,62030.200000000004,PRIOR_SLOW_SELLSIDE_LIQUIDITY,62647.0,131.0850000000002,6.73,66844.24159121,2005.3272477362998,297.94679771874735,1.6417498148839054,0.0007,,False,True,62606.700000000004,1709327160000000000,7025,11,62352.6,62849.0,254.10000000000582,242.29999999999563,1.2094240837696697,1.153260352213219,1.9384368920929582,1.8484189647937999,0.46185537503209206,0.5585845905184361,,,62816.899999999994,1709327760000000000,2024-03-01,21,10.0,-2005.5165796,-0.003357468130407605,-1.0000944144472748,STOP,
HSP-1709506020000000000-000179,POIL,POIL,SHORT,SHORT,1709506140000000000,2024-03-03,22,1709506200000000000,62983.9,62990.1,63134.899999999994,62684.99999999999,PRIOR_SLOW_SELLSIDE_LIQUIDITY,63079.0,60.880000000000294,8.337,64838.72501161,1945.1617503482998,233.29312893750088,0.9298492029660818,0.0007,,False,True,62990.0,1709506200000000000,10009,61,62750.0,63050.0,240.0,60.0,1.6563146997930271,0.4140786749482568,3.942181340341637,0.9855453350854092,0.6501774428197453,0.6506063881575453,1.70950656e+18,,63040.700000000004,1709509800000000000,2024-03-03,23,60.0,-1158.18846213,-0.0008048896650262639,-0.5954201299314134,TIMEOUT,TIMEOUT
