trader_id,strategy_id,instrument_id,venue_order_id,position_id,account_id,last_trade_id,type,side,quantity,time_in_force,is_reduce_only,is_quote_quantity,filled_qty,liquidity_side,avg_px,slippage,commissions,emulation_trigger,status,contingency_type,order_list_id,linked_order_ids,parent_order_id,exec_algorithm_id,exec_algorithm_params,exec_spawn_id,tags,init_id,ts_init,ts_last,trigger_price,trigger_type,expire_time_ns,trigger_instrument_id,price,is_post_only,display_qty
BACKTESTER-001,OpenInterestStrategy-000,BTCUSDT-PERP.BINANCE,BINANCE-1-001,BTCUSDT-PERP.BINANCE-OpenInterestStrategy-000,BINANCE-001,T-c45aed02af7fc338-3376,MARKET,BUY,10.797,GTC,False,False,10.797,TAKER,53425.100000000006,0.0,['403.78156329 USDT'],NO_TRIGGER,FILLED,OTO,OL-20240226-161200-001-000-1,"['O-20240226-161200-001-000-2', 'O-20240226-161200-001-000-3']",,,,,"['scenario=OICB-1708963800000000000-000008', 'family=OICB_C']",56b2dbe9-5292-4672-a7c4-f81b18a1d6a6,2024-02-26 16:12:00+00:00,2024-02-26 16:12:00+00:00,,,,,,,
BACKTESTER-001,OpenInterestStrategy-000,BTCUSDT-PERP.BINANCE,BINANCE-1-002,BTCUSDT-PERP.BINANCE-OpenInterestStrategy-000,BINANCE-001,T-709a7b7f14ce739a-3422,STOP_MARKET,SELL,10.797,GTC,True,False,10.797,TAKER,53221.9,0.09999999999854481,['402.24579801 USDT'],NO_TRIGGER,FILLED,OUO,OL-20240226-161200-001-000-1,['O-20240226-161200-001-000-3'],O-20240226-161200-001-000-1,,,,"['scenario=OICB-1708963800000000000-000008', 'family=OICB_C']",6decfb0f-6a71-4a21-aaca-a519236637d7,2024-02-26 16:12:00+00:00,2024-02-26 16:24:00+00:00,53222.0,DEFAULT,,,,,
BACKTESTER-001,OpenInterestStrategy-000,BTCUSDT-PERP.BINANCE,BINANCE-1-004,BTCUSDT-PERP.BINANCE-OpenInterestStrategy-000,BINANCE-001,T-d5dd31a6d31d6d7a-5516,MARKET,BUY,13.499,GTC,False,False,13.499,TAKER,55244.2,0.0,['522.01901906 USDT'],NO_TRIGGER,FILLED,OTO,OL-20240227-014800-001-000-2,"['O-20240227-014800-001-000-5', 'O-20240227-014800-001-000-6']",,,,,"['scenario=OICB-1708998300000000000-000018', 'family=OICB_C']",520b89b8-dad6-4d99-942d-96cde933f5e3,2024-02-27 01:48:00+00:00,2024-02-27 01:48:00+00:00,,,,,,,
BACKTESTER-001,OpenInterestStrategy-000,BTCUSDT-PERP.BINANCE,BINANCE-1-006,BTCUSDT-PERP.BINANCE-OpenInterestStrategy-000,BINANCE-001,T-caabe42f5ff936ef-5552,LIMIT,SELL,13.499,GTC,True,False,13.499,MAKER,55830.899999999994,0.10000000000582077,['527.56292337 USDT'],NO_TRIGGER,FILLED,OUO,OL-20240227-014800-001-000-2,['O-20240227-014800-001-000-5'],O-20240227-014800-001-000-4,,,,"['scenario=OICB-1708998300000000000-000018', 'family=OICB_C']",3df5e49e-bc51-46b1-b0e9-cdf9214142e7,2024-02-27 01:48:00+00:00,2024-02-27 01:57:00+00:00,,,,,55831.0,True,
BACKTESTER-001,OpenInterestStrategy-000,BTCUSDT-PERP.BINANCE,BINANCE-1-007,BTCUSDT-PERP.BINANCE-OpenInterestStrategy-000,BINANCE-001,T-e00c0c93c512942b-5609,MARKET,SELL,2.660,GTC,False,False,2.660,TAKER,56710.2,0.0,['105.59439240 USDT'],NO_TRIGGER,FILLED,OTO,OL-20240227-021100-001-000-3,"['O-20240227-021100-001-000-8', 'O-20240227-021100-001-000-9']",,,,,"['scenario=OICB-1708999800000000000-000020', 'family=OICB_E']",2d80991f-6c8d-4412-92a3-6686e9b239c0,2024-02-27 02:11:00+00:00,2024-02-27 02:11:00+00:00,,,,,,,
BACKTESTER-001,OpenInterestStrategy-000,BTCUSDT-PERP.BINANCE,BINANCE-1-010,BTCUSDT-PERP.BINANCE-OpenInterestStrategy-000,BINANCE-001,T-6bd116ef986c7703-5784,MARKET,BUY,2.660,GTC,True,False,2.660,TAKER,56298.700000000004,0.0,['104.82817940 USDT'],NO_TRIGGER,FILLED,NO_CONTINGENCY,,,,,,,,3ce12381-dcd1-4307-8241-f6dda8dc4bf7,2024-02-27 02:56:00+00:00,2024-02-27 02:56:00+00:00,,,,,,,
BACKTESTER-001,OpenInterestStrategy-000,BTCUSDT-PERP.BINANCE,BINANCE-1-011,BTCUSDT-PERP.BINANCE-OpenInterestStrategy-000,BINANCE-001,T-c87cff199bf18abe-6019,MARKET,SELL,11.696,GTC,False,False,11.696,TAKER,55872.6,0.0,['457.44015072 USDT'],NO_TRIGGER,FILLED,OTO,OL-20240227-035700-001-000-4,"['O-20240227-035700-001-000-12', 'O-20240227-035700-001-000-13']",,,,,"['scenario=OICB-1709006100000000000-000023', 'family=OICB_C']",8a29ad6d-f39f-450e-9b38-004b2763422d,2024-02-27 03:57:00+00:00,2024-02-27 03:57:00+00:00,,,,,,,
BACKTESTER-001,OpenInterestStrategy-000,BTCUSDT-PERP.BINANCE,BINANCE-1-012,BTCUSDT-PERP.BINANCE-OpenInterestStrategy-000,BINANCE-001,T-05541bb733e7a3fe-6136,STOP_MARKET,BUY,11.696,GTC,True,False,11.696,TAKER,56062.899999999994,0.09999999999126885,['458.99817488 USDT'],NO_TRIGGER,FILLED,OUO,OL-20240227-035700-001-000-4,['O-20240227-035700-001-000-13'],O-20240227-035700-001-000-11,,,,"['scenario=OICB-1709006100000000000-000023', 'family=OICB_C']",f51f0644-2a5f-4161-90ff-d1f3552c724f,2024-02-27 03:57:00+00:00,2024-02-27 04:27:00+00:00,56062.8,DEFAULT,,,,,
BACKTESTER-001,OpenInterestStrategy-000,BTCUSDT-PERP.BINANCE,BINANCE-1-014,BTCUSDT-PERP.BINANCE-OpenInterestStrategy-000,BINANCE-001,T-4c249bc2cc2a6f1a-6827,MARKET,SELL,18.463,GTC,False,False,18.463,TAKER,55969.2,0.0,['723.35153772 USDT'],NO_TRIGGER,FILLED,OTO,OL-20240227-073200-001-000-5,"['O-20240227-073200-001-000-15', 'O-20240227-073200-001-000-16']",,,,,"['scenario=OICB-1709019000000000000-000028', 'family=OICB_C']",ee53d277-f468-468f-aa2f-3c154e4c76db,2024-02-27 07:32:00+00:00,2024-02-27 07:32:00+00:00,,,,,,,
BACKTESTER-001,OpenInterestStrategy-000,BTCUSDT-PERP.BINANCE,BINANCE-1-015,BTCUSDT-PERP.BINANCE-OpenInterestStrategy-000,BINANCE-001,T-df77c2e6ab974514-6860,STOP_MARKET,BUY,18.463,GTC,True,False,18.463,TAKER,56055.9,0.09999999999854481,['724.47205719 USDT'],NO_TRIGGER,FILLED,OUO,OL-20240227-073200-001-000-5,['O-20240227-073200-001-000-16'],O-20240227-073200-001-000-14,,,,"['scenario=OICB-1709019000000000000-000028', 'family=OICB_C']",549a6cb9-284b-4a53-95bf-60911395d371,2024-02-27 07:32:00+00:00,2024-02-27 07:41:00+00:00,56055.8,DEFAULT,,,,,
BACKTESTER-001,OpenInterestStrategy-000,BTCUSDT-PERP.BINANCE,BINANCE-1-017,BTCUSDT-PERP.BINANCE-OpenInterestStrategy-000,BINANCE-001,T-f7c83cac74cc12b0-8613,MARKET,BUY,10.721,GTC,False,False,10.721,TAKER,57283.6,0.0,['429.89623292 USDT'],NO_TRIGGER,FILLED,OTO,OL-20240227-152200-001-000-6,"['O-20240227-152200-001-000-18', 'O-20240227-152200-001-000-19']",,,,,"['scenario=OICB-1709047200000000000-000038', 'family=OICB_C']",2803c95f-432e-4507-a9f9-2c07777a2461,2024-02-27 15:22:00+00:00,2024-02-27 15:22:00+00:00,,,,,,,
BACKTESTER-001,OpenInterestStrategy-000,BTCUSDT-PERP.BINANCE,BINANCE-1-018,BTCUSDT-PERP.BINANCE-OpenInterestStrategy-000,BINANCE-001,T-2b65f5bbf11a2840-8688,STOP_MARKET,SELL,10.721,GTC,True,False,10.721,TAKER,57087.9,0.09999999999854481,['428.42756313 USDT'],NO_TRIGGER,FILLED,OUO,OL-20240227-152200-001-000-6,['O-20240227-152200-001-000-19'],O-20240227-152200-001-000-17,,,,"['scenario=OICB-1709047200000000000-000038', 'family=OICB_C']",53515e19-7231-4efe-b503-c92fc3e08a84,2024-02-27 15:22:00+00:00,2024-02-27 15:41:00+00:00,57088.0,DEFAULT,,,,,
BACKTESTER-001,OpenInterestStrategy-000,BTCUSDT-PERP.BINANCE,BINANCE-1-020,BTCUSDT-PERP.BINANCE-OpenInterestStrategy-000,BINANCE-001,T-e2f7b66dcc199862-8817,MARKET,SELL,13.442,GTC,False,False,13.442,TAKER,56464.3,0.0,['531.29518442 USDT'],NO_TRIGGER,FILLED,OTO,OL-20240227-161400-001-000-7,"['O-20240227-161400-001-000-21', 'O-20240227-161400-001-000-22']",,,,,"['scenario=OICB-1709050200000000000-000040', 'family=OICB_C']",8befcc9e-1574-460e-920b-7cf8d47aac1c,2024-02-27 16:14:00+00:00,2024-02-27 16:14:00+00:00,,,,,,,
BACKTESTER-001,OpenInterestStrategy-000,BTCUSDT-PERP.BINANCE,BINANCE-1-021,BTCUSDT-PERP.BINANCE-OpenInterestStrategy-000,BINANCE-001,T-7164154123317eb1-8825,STOP_MARKET,BUY,13.442,GTC,True,False,13.442,TAKER,56598.5,0.09999999999854481,['532.55792590 USDT'],NO_TRIGGER,FILLED,OUO,OL-20240227-161400-001-000-7,['O-20240227-161400-001-000-22'],O-20240227-161400-001-000-20,,,,"['scenario=OICB-1709050200000000000-000040', 'family=OICB_C']",6ac87da4-2335-4917-ac1d-42b22795ffda,2024-02-27 16:14:00+00:00,2024-02-27 16:16:00+00:00,56598.4,DEFAULT,,,,,
BACKTESTER-001,OpenInterestStrategy-000,BTCUSDT-PERP.BINANCE,BINANCE-1-023,BTCUSDT-PERP.BINANCE-OpenInterestStrategy-000,BINANCE-001,T-eb66e409c129cf5f-9601,MARKET,BUY,14.438,GTC,False,False,14.438,TAKER,57264.5,0.0,['578.74939570 USDT'],NO_TRIGGER,FILLED,OTO,OL-20240227-194200-001-000-8,"['O-20240227-194200-001-000-24', 'O-20240227-194200-001-000-25']",,,,,"['scenario=OICB-1709062500000000000-000043', 'family=OICB_C']",6b8c3b85-c7b7-49f9-89db-235e048a02fc,2024-02-27 19:42:00+00:00,2024-02-27 19:42:00+00:00,,,,,,,
BACKTESTER-001,OpenInterestStrategy-000,BTCUSDT-PERP.BINANCE,BINANCE-1-025,BTCUSDT-PERP.BINANCE-OpenInterestStrategy-000,BINANCE-001,T-9de7a60f64c15171-9649,LIMIT,SELL,14.438,GTC,True,False,14.438,MAKER,57536.8,0.09999999999126885,['581.50142288 USDT'],NO_TRIGGER,FILLED,OUO,OL-20240227-194200-001-000-8,['O-20240227-194200-001-000-24'],O-20240227-194200-001-000-23,,,,"['scenario=OICB-1709062500000000000-000043', 'family=OICB_C']",9e88dbb7-1860-4571-a14e-37abc6281171,2024-02-27 19:42:00+00:00,2024-02-27 19:54:00+00:00,,,,,57536.9,True,
BACKTESTER-001,OpenInterestStrategy-000,BTCUSDT-PERP.BINANCE,BINANCE-1-026,BTCUSDT-PERP.BINANCE-OpenInterestStrategy-000,BINANCE-001,T-ee99b4f4fc503a1f-10232,MARKET,BUY,20.418,GTC,False,False,20.418,TAKER,56939.42472818102,0.0,['813.81242187 USDT'],NO_TRIGGER,FILLED,OTO,OL-20240227-223100-001-000-9,"['O-20240227-223100-001-000-27', 'O-20240227-223100-001-000-28']",,,,,"['scenario=OICB-1709072700000000000-000046', 'family=OICB_C']",20805936-e5ca-4271-8f73-a5c85161be9c,2024-02-27 22:31:00+00:00,2024-02-27 22:31:00+00:00,,,,,,,
BACKTESTER-001,OpenInterestStrategy-000,BTCUSDT-PERP.BINANCE,BINANCE-1-029,BTCUSDT-PERP.BINANCE-OpenInterestStrategy-000,BINANCE-001,T-ee99b4f4fc503a1f-10233,MARKET,SELL,15.369,GTC,True,False,15.369,TAKER,56939.2,0.0,['612.56899536 USDT'],NO_TRIGGER,FILLED,NO_CONTINGENCY,,,,,,,,7ec72e43-2716-4313-8867-46b97aae2052,2024-02-27 22:31:00+00:00,2024-02-27 22:31:00+00:00,,,,,,,
BACKTESTER-001,OpenInterestStrategy-000,BTCUSDT-PERP.BINANCE,BINANCE-1-030,BTCUSDT-PERP.BINANCE-OpenInterestStrategy-000,BINANCE-001,T-ee99b4f4fc503a1f-10234,MARKET,SELL,5.049,GTC,True,False,5.049,TAKER,56939.2,0.0,['201.24021456 USDT'],NO_TRIGGER,FILLED,NO_CONTINGENCY,,,,,,,,1ab204b5-e189-47ac-accd-2ab2f1403a48,2024-02-27 22:31:00+00:00,2024-02-27 22:31:00+00:00,,,,,,,
BACKTESTER-001,OpenInterestStrategy-000,BTCUSDT-PERP.BINANCE,BINANCE-1-031,BTCUSDT-PERP.BINANCE-OpenInterestStrategy-000,BINANCE-001,T-6ed5e9acf4df4f97-13538,MARKET,BUY,9.898,GTC,False,False,9.898,TAKER,60380.1,0.0,['418.34956086 USDT'],NO_TRIGGER,FILLED,OTO,OL-20240228-133000-001-000-10,"['O-20240228-133000-001-000-33', 'O-20240228-133000-001-000-34']",,,,,"['scenario=OICB-1709126700000000000-000060', 'family=OICB_C']",2599eaa4-aad8-479d-804b-6a863dcf6a63,2024-02-28 13:30:00+00:00,2024-02-28 13:30:00+00:00,,,,,,,
BACKTESTER-001,OpenInterestStrategy-000,BTCUSDT-PERP.BINANCE,BINANCE-1-034,BTCUSDT-PERP.BINANCE-OpenInterestStrategy-000,BINANCE-001,T-c7863dec818f8cf5-13712,MARKET,SELL,9.898,GTC,True,False,9.898,TAKER,60495.7,0.0,['419.15050702 USDT'],NO_TRIGGER,FILLED,NO_CONTINGENCY,,,,,,,,e7c9a8bc-d47c-44bf-8111-d3a1d23080f8,2024-02-28 14:15:00+00:00,2024-02-28 14:15:00+00:00,,,,,,,
BACKTESTER-001,OpenInterestStrategy-000,BTCUSDT-PERP.BINANCE,BINANCE-1-035,BTCUSDT-PERP.BINANCE-OpenInterestStrategy-000,BINANCE-001,T-1de7bab417285c7b-13783,MARKET,SELL,7.374,GTC,False,False,7.374,TAKER,60079.9,0.0,['310.12042782 USDT'],NO_TRIGGER,FILLED,OTO,OL-20240228-143300-001-000-11,"['O-20240228-143300-001-000-37', 'O-20240228-143300-001-000-38']",,,,,"['scenario=OICB-1709130300000000000-000061', 'family=OICB_C']",d4f3bfcb-27c9-4f37-8111-d93d9c6da923,2024-02-28 14:33:00+00:00,2024-02-28 14:33:00+00:00,,,,,,,
BACKTESTER-001,OpenInterestStrategy-000,BTCUSDT-PERP.BINANCE,BINANCE-1-036,BTCUSDT-PERP.BINANCE-OpenInterestStrategy-000,BINANCE-001,T-1bdd46b443caabcc-13824,STOP_MARKET,BUY,7.374,GTC,True,False,7.374,TAKER,60378.700000000004,0.10000000001309672,['311.66277366 USDT'],NO_TRIGGER,FILLED,OUO,OL-20240228-143300-001-000-11,['O-20240228-143300-001-000-38'],O-20240228-143300-001-000-36,,,,"['scenario=OICB-1709130300000000000-000061', 'family=OICB_C']",1175a3d9-4b57-4131-a690-91248a4e11e5,2024-02-28 14:33:00+00:00,2024-02-28 14:44:00+00:00,60378.6,DEFAULT,,,,,
BACKTESTER-001,OpenInterestStrategy-000,BTCUSDT-PERP.BINANCE,BINANCE-1-038,BTCUSDT-PERP.BINANCE-OpenInterestStrategy-000,BINANCE-001,T-6c4cf57d928ca88a-14212,MARKET,BUY,11.879,GTC,False,False,11.879,TAKER,61285.7,0.0,['509.60898121 USDT'],NO_TRIGGER,FILLED,OTO,OL-20240228-162400-001-000-12,"['O-20240228-162400-001-000-40', 'O-20240228-162400-001-000-41']",,,,,"['scenario=OICB-1709137200000000000-000064', 'family=OICB_C']",f011b3f7-4749-4dad-bbcf-f7daee058b10,2024-02-28 16:24:00+00:00,2024-02-28 16:24:00+00:00,,,,,,,
BACKTESTER-001,OpenInterestStrategy-000,BTCUSDT-PERP.BINANCE,BINANCE-1-040,BTCUSDT-PERP.BINANCE-OpenInterestStrategy-000,BINANCE-001,T-aed0c273e2d68658-14228,LIMIT,SELL,11.879,GTC,True,False,11.879,MAKER,61548.99999999999,0.10000000001309672,['511.79839970 USDT'],NO_TRIGGER,FILLED,OUO,OL-20240228-162400-001-000-12,['O-20240228-162400-001-000-40'],O-20240228-162400-001-000-39,,,,"['scenario=OICB-1709137200000000000-000064', 'family=OICB_C']",2b3e2f27-9eee-4c65-9727-347aee0d5bf0,2024-02-28 16:24:00+00:00,2024-02-28 16:28:00+00:00,,,,,61549.1,True,
BACKTESTER-001,OpenInterestStrategy-000,BTCUSDT-PERP.BINANCE,BINANCE-1-041,BTCUSDT-PERP.BINANCE-OpenInterestStrategy-000,BINANCE-001,T-38d44f91b8213e16-16151,MARKET,SELL,10.336,GTC,False,False,10.336,TAKER,61303.9,0.0,['443.54597728 USDT'],NO_TRIGGER,FILLED,OTO,OL-20240229-005200-001-000-13,"['O-20240229-005200-001-000-43', 'O-20240229-005200-001-000-44']",,,,,"['scenario=OICB-1709167800000000000-000072', 'family=OICB_C']",34873e4f-464e-4a41-9b35-6e8f8de5c726,2024-02-29 00:52:00+00:00,2024-02-29 00:52:00+00:00,,,,,,,
BACKTESTER-001,OpenInterestStrategy-000,BTCUSDT-PERP.BINANCE,BINANCE-1-042,BTCUSDT-PERP.BINANCE-OpenInterestStrategy-000,BINANCE-001,T-0bd072bc1d16e342-16170,STOP_MARKET,BUY,10.336,GTC,True,False,10.336,TAKER,61489.2,0.09999999999126885,['444.88665984 USDT'],NO_TRIGGER,FILLED,OUO,OL-20240229-005200-001-000-13,['O-20240229-005200-001-000-44'],O-20240229-005200-001-000-42,,,,"['scenario=OICB-1709167800000000000-000072', 'family=OICB_C']",83138806-ee29-445c-89e5-7674ed1eee46,2024-02-29 00:52:00+00:00,2024-02-29 00:57:00+00:00,61489.1,DEFAULT,,,,,
BACKTESTER-001,OpenInterestStrategy-000,BTCUSDT-PERP.BINANCE,BINANCE-1-044,BTCUSDT-PERP.BINANCE-OpenInterestStrategy-000,BINANCE-001,T-1ecb03d37983336d-17046,MARKET,BUY,10.274,GTC,False,False,10.274,TAKER,62572.8,0.0,['450.01106304 USDT'],NO_TRIGGER,FILLED,OTO,OL-20240229-045200-001-000-14,"['O-20240229-045200-001-000-46', 'O-20240229-045200-001-000-47']",,,,,"['scenario=OICB-1709182200000000000-000074', 'family=OICB_C']",7c8e5111-5eb7-42d1-b12e-8b9022d8fbcb,2024-02-29 04:52:00+00:00,2024-02-29 04:52:00+00:00,,,,,,,
BACKTESTER-001,OpenInterestStrategy-000,BTCUSDT-PERP.BINANCE,BINANCE-1-045,BTCUSDT-PERP.BINANCE-OpenInterestStrategy-000,BINANCE-001,T-fc3a2f135b608e89-17092,STOP_MARKET,SELL,10.274,GTC,True,False,10.274,TAKER,62395.6,0.09999999999854481,['448.73667608 USDT'],NO_TRIGGER,FILLED,OUO,OL-20240229-045200-001-000-14,['O-20240229-045200-001-000-47'],O-20240229-045200-001-000-45,,,,"['scenario=OICB-1709182200000000000-000074', 'family=OICB_C']",5f305995-d10f-4ccf-b0aa-a38d8d7288cc,2024-02-29 04:52:00+00:00,2024-02-29 05:04:00+00:00,62395.7,DEFAULT,,,,,
BACKTESTER-001,OpenInterestStrategy-000,BTCUSDT-PERP.BINANCE,BINANCE-1-047,BTCUSDT-PERP.BINANCE-OpenInterestStrategy-000,BINANCE-001,T-7867e6017129daa4-17428,MARKET,SELL,7.961,GTC,False,False,7.961,TAKER,63129.299999999996,0.0,['351.80065011 USDT'],NO_TRIGGER,FILLED,OTO,OL-20240229-063100-001-000-15,"['O-20240229-063100-001-000-49', 'O-20240229-063100-001-000-50']",,,,,"['scenario=OICB-1709187900000000000-000077', 'family=OICB_C']",79a20b85-f974-4ae0-bc67-f0f5e91bcb2e,2024-02-29 06:31:00+00:00,2024-02-29 06:31:00+00:00,,,,,,,
BACKTESTER-001,OpenInterestStrategy-000,BTCUSDT-PERP.BINANCE,BINANCE-1-048,BTCUSDT-PERP.BINANCE-OpenInterestStrategy-000,BINANCE-001,T-703a67591a261754-17434,STOP_MARKET,BUY,7.961,GTC,True,False,7.961,TAKER,63372.1,0.09999999999854481,['353.15370167 USDT'],NO_TRIGGER,FILLED,OUO,OL-20240229-063100-001-000-15,['O-20240229-063100-001-000-50'],O-20240229-063100-001-000-48,,,,"['scenario=OICB-1709187900000000000-000077', 'family=OICB_C']",4e130411-cb75-4785-9d2a-af6f3bc17025,2024-02-29 06:31:00+00:00,2024-02-29 06:33:00+00:00,63372.0,DEFAULT,,,,,
BACKTESTER-001,OpenInterestStrategy-000,BTCUSDT-PERP.BINANCE,BINANCE-1-050,BTCUSDT-PERP.BINANCE-OpenInterestStrategy-000,BINANCE-001,T-4620da6ef1bab24a-18635,MARKET,SELL,9.854,GTC,False,False,9.854,TAKER,62973.7,0.0,['434.37998786 USDT'],NO_TRIGGER,FILLED,OTO,OL-20240229-115200-001-000-16,"['O-20240229-115200-001-000-52', 'O-20240229-115200-001-000-53']",,,,,"['scenario=OICB-1709207100000000000-000081', 'family=OICB_C']",9df72691-0234-45b0-8517-c5e9bbf55b29,2024-02-29 11:52:00+00:00,2024-02-29 11:52:00+00:00,,,,,,,
BACKTESTER-001,OpenInterestStrategy-000,BTCUSDT-PERP.BINANCE,BINANCE-1-052,BTCUSDT-PERP.BINANCE-OpenInterestStrategy-000,BINANCE-001,T-82eb4c04c603688f-18688,LIMIT,BUY,9.854,GTC,True,False,9.854,MAKER,62649.299999999996,0.09999999999854481,['432.14234154 USDT'],NO_TRIGGER,FILLED,OUO,OL-20240229-115200-001-000-16,['O-20240229-115200-001-000-52'],O-20240229-115200-001-000-51,,,,"['scenario=OICB-1709207100000000000-000081', 'family=OICB_C']",6d2a4afa-bbf1-41b3-9980-ef9e021f6f06,2024-02-29 11:52:00+00:00,2024-02-29 12:06:00+00:00,,,,,62649.2,True,
BACKTESTER-001,OpenInterestStrategy-000,BTCUSDT-PERP.BINANCE,BINANCE-1-053,BTCUSDT-PERP.BINANCE-OpenInterestStrategy-000,BINANCE-001,T-d80ae054c31558c3-18717,MARKET,SELL,8.699,GTC,False,False,8.699,TAKER,62511.5,0.0,['380.65127695 USDT'],NO_TRIGGER,FILLED,OTO,OL-20240229-121300-001-000-17,"['O-20240229-121300-001-000-55', 'O-20240229-121300-001-000-56']",,,,,"['scenario=OICB-1709208600000000000-000082', 'family=OICB_C']",e300f7fd-3730-4c19-a5e7-e2591dcb659a,2024-02-29 12:13:00+00:00,2024-02-29 12:13:00+00:00,,,,,,,
BACKTESTER-001,OpenInterestStrategy-000,BTCUSDT-PERP.BINANCE,BINANCE-1-054,BTCUSDT-PERP.BINANCE-OpenInterestStrategy-000,BINANCE-001,T-f050290bae70eeaf-18743,STOP_MARKET,BUY,8.699,GTC,True,False,8.699,TAKER,62726.0,0.09999999999854481,['381.95743180 USDT'],NO_TRIGGER,FILLED,OUO,OL-20240229-121300-001-000-17,['O-20240229-121300-001-000-56'],O-20240229-121300-001-000-54,,,,"['scenario=OICB-1709208600000000000-000082', 'family=OICB_C']",08e99d45-d176-4cdb-a6a2-d9f3ecf36efa,2024-02-29 12:13:00+00:00,2024-02-29 12:20:00+00:00,62725.9,DEFAULT,,,,,
BACKTESTER-001,OpenInterestStrategy-000,BTCUSDT-PERP.BINANCE,BINANCE-1-056,BTCUSDT-PERP.BINANCE-OpenInterestStrategy-000,BINANCE-001,T-ee208cd306338f36-18998,MARKET,SELL,9.108,GTC,False,False,9.108,TAKER,62368.19999999999,0.0,['397.63469592 USDT'],NO_TRIGGER,FILLED,OTO,OL-20240229-132700-001-000-18,"['O-20240229-132700-001-000-58', 'O-20240229-132700-001-000-59']",,,,,"['scenario=OICB-1709213100000000000-000083', 'family=OICB_C']",5be6a479-9d88-4d59-9bfa-c5b88d683629,2024-02-29 13:27:00+00:00,2024-02-29 13:27:00+00:00,,,,,,,
BACKTESTER-001,OpenInterestStrategy-000,BTCUSDT-PERP.BINANCE,BINANCE-1-057,BTCUSDT-PERP.BINANCE-OpenInterestStrategy-000,BINANCE-001,T-2bf8cf7e719bcb60-19018,STOP_MARKET,BUY,9.108,GTC,True,False,9.108,TAKER,62560.700000000004,0.09999999999854481,['398.86199892 USDT'],NO_TRIGGER,FILLED,OUO,OL-20240229-132700-001-000-18,['O-20240229-132700-001-000-59'],O-20240229-132700-001-000-57,,,,"['scenario=OICB-1709213100000000000-000083', 'family=OICB_C']",4bee33fd-9886-4899-82ab-131d0865e4c0,2024-02-29 13:27:00+00:00,2024-02-29 13:32:00+00:00,62560.6,DEFAULT,,,,,
BACKTESTER-001,OpenInterestStrategy-000,BTCUSDT-PERP.BINANCE,BINANCE-1-059,BTCUSDT-PERP.BINANCE-OpenInterestStrategy-000,BINANCE-001,T-ad83e2ad9ec6bce8-20587,MARKET,BUY,12.829,GTC,False,False,12.829,TAKER,62029.799999999996,0.0,['557.04621294 USDT'],NO_TRIGGER,FILLED,OTO,OL-20240229-201800-001-000-19,"['O-20240229-201800-001-000-61', 'O-20240229-201800-001-000-62']",,,,,"['scenario=OICB-1709237700000000000-000091', 'family=OICB_C']",fb49f77a-a07a-4db4-b3ec-77062d0b82b0,2024-02-29 20:18:00+00:00,2024-02-29 20:18:00+00:00,,,,,,,
BACKTESTER-001,OpenInterestStrategy-000,BTCUSDT-PERP.BINANCE,BINANCE-1-061,BTCUSDT-PERP.BINANCE-OpenInterestStrategy-000,BINANCE-001,T-358a2c6d1165d0be-20619,LIMIT,SELL,12.829,GTC,True,False,12.829,MAKER,62269.40000000001,0.09999999999126885,['559.19789282 USDT'],NO_TRIGGER,FILLED,OUO,OL-20240229-201800-001-000-19,['O-20240229-201800-001-000-61'],O-20240229-201800-001-000-60,,,,"['scenario=OICB-1709237700000000000-000091', 'family=OICB_C']",65b1b7ad-a472-4b4f-9b6e-49f8b30f3f5b,2024-02-29 20:18:00+00:00,2024-02-29 20:26:00+00:00,,,,,62269.5,True,
BACKTESTER-001,OpenInterestStrategy-000,BTCUSDT-PERP.BINANCE,BINANCE-1-062,BTCUSDT-PERP.BINANCE-OpenInterestStrategy-000,BINANCE-001,T-16a402e5be7cb444-24303,MARKET,SELL,14.170,GTC,False,False,14.170,TAKER,62274.700000000004,0.0,['617.70274930 USDT'],NO_TRIGGER,FILLED,OTO,OL-20240301-130300-001-000-20,"['O-20240301-130300-001-000-64', 'O-20240301-130300-001-000-65']",,,,,"['scenario=OICB-1709298000000000000-000107', 'family=OICB_C']",d2b01cfe-7b98-47bc-80fa-e264474f6de3,2024-03-01 13:03:00+00:00,2024-03-01 13:03:00+00:00,,,,,,,
BACKTESTER-001,OpenInterestStrategy-000,BTCUSDT-PERP.BINANCE,BINANCE-1-063,BTCUSDT-PERP.BINANCE-OpenInterestStrategy-000,BINANCE-001,T-4c1197c533224fba-24309,STOP_MARKET,BUY,14.170,GTC,True,False,14.170,TAKER,62366.200000000004,0.10000000000582077,['618.61033780 USDT'],NO_TRIGGER,FILLED,OUO,OL-20240301-130300-001-000-20,['O-20240301-130300-001-000-65'],O-20240301-130300-001-000-63,,,,"['scenario=OICB-1709298000000000000-000107', 'family=OICB_C']",fa437980-d876-4a97-9da1-55447aa078f4,2024-03-01 13:03:00+00:00,2024-03-01 13:05:00+00:00,62366.1,DEFAULT,,,,,
BACKTESTER-001,OpenInterestStrategy-000,BTCUSDT-PERP.BINANCE,BINANCE-1-065,BTCUSDT-PERP.BINANCE-OpenInterestStrategy-000,BINANCE-001,T-3a92becf2524c980-24936,MARKET,SELL,8.794,GTC,False,False,8.794,TAKER,61357.6,0.0,['377.70511408 USDT'],NO_TRIGGER,FILLED,OTO,OL-20240301-155200-001-000-21,"['O-20240301-155200-001-000-67', 'O-20240301-155200-001-000-68']",,,,,"['scenario=OICB-1709308200000000000-000111', 'family=OICB_C']",52792463-66ee-4ad4-8179-7a809f0f4982,2024-03-01 15:52:00+00:00,2024-03-01 15:52:00+00:00,,,,,,,
BACKTESTER-001,OpenInterestStrategy-000,BTCUSDT-PERP.BINANCE,BINANCE-1-066,BTCUSDT-PERP.BINANCE-OpenInterestStrategy-000,BINANCE-001,T-bc9e55846b898f99-24997,STOP_MARKET,BUY,8.794,GTC,True,False,8.794,TAKER,61550.899999999994,0.09999999999126885,['378.89503022 USDT'],NO_TRIGGER,FILLED,OUO,OL-20240301-155200-001-000-21,['O-20240301-155200-001-000-68'],O-20240301-155200-001-000-66,,,,"['scenario=OICB-1709308200000000000-000111', 'family=OICB_C']",a3611f4a-5918-4b2d-aa21-e9abd0f545b0,2024-03-01 15:52:00+00:00,2024-03-01 16:08:00+00:00,61550.8,DEFAULT,,,,,
BACKTESTER-001,OpenInterestStrategy-000,BTCUSDT-PERP.BINANCE,BINANCE-1-068,BTCUSDT-PERP.BINANCE-OpenInterestStrategy-000,BINANCE-001,T-4e065901a512032f-26118,MARKET,SELL,7.426,GTC,False,False,7.426,TAKER,62469.9,0.0,['324.73103418 USDT'],NO_TRIGGER,FILLED,OTO,OL-20240301-210700-001-000-22,"['O-20240301-210700-001-000-70', 'O-20240301-210700-001-000-71']",,,,,"['scenario=OICB-1709327100000000000-000116', 'family=OICB_C']",c48037e0-4752-4d30-8d11-e252e50903bc,2024-03-01 21:07:00+00:00,2024-03-01 21:07:00+00:00,,,,,,,
BACKTESTER-001,OpenInterestStrategy-000,BTCUSDT-PERP.BINANCE,BINANCE-1-069,BTCUSDT-PERP.BINANCE-OpenInterestStrategy-000,BINANCE-001,T-da098072fd8aa918-26148,STOP_MARKET,BUY,7.426,GTC,True,False,7.426,TAKER,62703.100000000006,0.09999999999854481,['325.94325442 USDT'],NO_TRIGGER,FILLED,OUO,OL-20240301-210700-001-000-22,['O-20240301-210700-001-000-71'],O-20240301-210700-001-000-69,,,,"['scenario=OICB-1709327100000000000-000116', 'family=OICB_C']",96232c69-68b3-46f2-af0c-ec0e5f9918b8,2024-03-01 21:07:00+00:00,2024-03-01 21:15:00+00:00,62703.0,DEFAULT,,,,,
BACKTESTER-001,OpenInterestStrategy-000,BTCUSDT-PERP.BINANCE,BINANCE-1-071,BTCUSDT-PERP.BINANCE-OpenInterestStrategy-000,BINANCE-001,T-643910de399ad799-27528,MARKET,BUY,15.626,GTC,False,False,15.626,TAKER,62380.0,0.0,['682.32491600 USDT'],NO_TRIGGER,FILLED,OTO,OL-20240302-034000-001-000-23,"['O-20240302-034000-001-000-73', 'O-20240302-034000-001-000-74']",,,,,"['scenario=OICB-1709350500000000000-000121', 'family=OICB_C']",96e2e809-bd4f-414f-93f0-ca79ced97475,2024-03-02 03:40:00+00:00,2024-03-02 03:40:00+00:00,,,,,,,
BACKTESTER-001,OpenInterestStrategy-000,BTCUSDT-PERP.BINANCE,BINANCE-1-072,BTCUSDT-PERP.BINANCE-OpenInterestStrategy-000,BINANCE-001,T-8283c7c6dd8ec1c5-27553,STOP_MARKET,SELL,15.626,GTC,True,False,15.626,TAKER,62319.399999999994,0.10000000000582077,['681.66206108 USDT'],NO_TRIGGER,FILLED,OUO,OL-20240302-034000-001-000-23,['O-20240302-034000-001-000-74'],O-20240302-034000-001-000-72,,,,"['scenario=OICB-1709350500000000000-000121', 'family=OICB_C']",e197d95c-7c8a-46d4-aaa7-a8a8d2a93c30,2024-03-02 03:40:00+00:00,2024-03-02 03:47:00+00:00,62319.5,DEFAULT,,,,,
BACKTESTER-001,OpenInterestStrategy-000,BTCUSDT-PERP.BINANCE,BINANCE-1-074,BTCUSDT-PERP.BINANCE-OpenInterestStrategy-000,BINANCE-001,T-f6391e63523e24b9-29766,MARKET,SELL,11.895,GTC,False,False,11.895,TAKER,61637.6,0.0,['513.22547640 USDT'],NO_TRIGGER,FILLED,OTO,OL-20240302-140700-001-000-24,"['O-20240302-140700-001-000-76', 'O-20240302-140700-001-000-77']",,,,,"['scenario=OICB-1709388300000000000-000128', 'family=OICB_C']",766332ce-a503-4e5c-bd3f-c97eb61d1870,2024-03-02 14:07:00+00:00,2024-03-02 14:07:00+00:00,,,,,,,
BACKTESTER-001,OpenInterestStrategy-000,BTCUSDT-PERP.BINANCE,BINANCE-1-075,BTCUSDT-PERP.BINANCE-OpenInterestStrategy-000,BINANCE-001,T-0c2df7a1674945ac-29769,STOP_MARKET,BUY,11.895,GTC,True,False,11.895,TAKER,61739.7,0.09999999999854481,['514.07561205 USDT'],NO_TRIGGER,FILLED,OUO,OL-20240302-140700-001-000-24,['O-20240302-140700-001-000-77'],O-20240302-140700-001-000-75,,,,"['scenario=OICB-1709388300000000000-000128', 'family=OICB_C']",9cec1809-443c-4553-8770-7e0f446992f7,2024-03-02 14:07:00+00:00,2024-03-02 14:08:00+00:00,61739.6,DEFAULT,,,,,
BACKTESTER-001,OpenInterestStrategy-000,BTCUSDT-PERP.BINANCE,BINANCE-1-077,BTCUSDT-PERP.BINANCE-OpenInterestStrategy-000,BINANCE-001,T-15162370d0d688dd-34597,MARKET,SELL,8.670,GTC,False,False,8.670,TAKER,62071.9,0.0,['376.71436110 USDT'],NO_TRIGGER,FILLED,OTO,OL-20240303-132400-001-000-25,"['O-20240303-132400-001-000-79', 'O-20240303-132400-001-000-80']",,,,,"['scenario=OICB-1709472000000000000-000140', 'family=OICB_C']",44fe5c73-fbf4-444d-a73b-b2ee58f2272d,2024-03-03 13:24:00+00:00,2024-03-03 13:24:00+00:00,,,,,,,
BACKTESTER-001,OpenInterestStrategy-000,BTCUSDT-PERP.BINANCE,BINANCE-1-078,BTCUSDT-PERP.BINANCE-OpenInterestStrategy-000,BINANCE-001,T-d0091ae7245c7fcf-34625,STOP_MARKET,BUY,8.670,GTC,True,False,8.670,TAKER,62235.7,0.09999999999854481,['377.70846330 USDT'],NO_TRIGGER,FILLED,OUO,OL-20240303-132400-001-000-25,['O-20240303-132400-001-000-80'],O-20240303-132400-001-000-78,,,,"['scenario=OICB-1709472000000000000-000140', 'family=OICB_C']",218e59d0-3af1-4698-8362-dc26f099b148,2024-03-03 13:24:00+00:00,2024-03-03 13:32:00+00:00,62235.6,DEFAULT,,,,,
BACKTESTER-001,OpenInterestStrategy-000,BTCUSDT-PERP.BINANCE,BINANCE-1-080,BTCUSDT-PERP.BINANCE-OpenInterestStrategy-000,BINANCE-001,T-f149ac5bfa59ae0e-36547,MARKET,BUY,11.014,GTC,False,False,11.014,TAKER,63279.6,0.0,['487.87306008 USDT'],NO_TRIGGER,FILLED,OTO,OL-20240303-222800-001-000-26,"['O-20240303-222800-001-000-82', 'O-20240303-222800-001-000-83']",,,,,"['scenario=OICB-1709504700000000000-000146', 'family=OICB_C']",9e241d2c-52f9-4e62-b3e9-a6910e2b5caf,2024-03-03 22:28:00+00:00,2024-03-03 22:28:00+00:00,,,,,,,
BACKTESTER-001,OpenInterestStrategy-000,BTCUSDT-PERP.BINANCE,BINANCE-1-081,BTCUSDT-PERP.BINANCE-OpenInterestStrategy-000,BINANCE-001,T-0842d7496d7194cd-36558,STOP_MARKET,SELL,11.014,GTC,True,False,11.014,TAKER,63176.600000000006,0.09999999999854481,['487.07895068 USDT'],NO_TRIGGER,FILLED,OUO,OL-20240303-222800-001-000-26,['O-20240303-222800-001-000-83'],O-20240303-222800-001-000-81,,,,"['scenario=OICB-1709504700000000000-000146', 'family=OICB_C']",91d8e7a3-6a90-4d83-bca0-16e42aabe84c,2024-03-03 22:28:00+00:00,2024-03-03 22:31:00+00:00,63176.7,DEFAULT,,,,,
